document_id,title,topic,crop,agro_zone,text,origin,source_url,license
doc_dis_001,Maize nitrogen deficiency symptoms,crop_diseases,maize,sub_humid,Nitrogen deficiency in maize shows as uniform yellowing starting from older lower leaves while the midrib often stays greener. Stunted plants and pale leaves reduce yield if not corrected. Split nitrogen application at planting and knee-high stage improves uptake in leaching-prone soils.,synthetic,,CC0-1.0
doc_dis_002,Common bean rust management,crop_diseases,beans,highland,"Bean rust appears as small reddish-brown pustules on leaf undersides in cool humid weather. Remove heavily infected debris, avoid overhead irrigation at dusk, and use certified clean seed. Fungicide sprays may be justified when rust exceeds five percent leaf area in commercial plots.",synthetic,,CC0-1.0
doc_dis_003,Cassava mosaic disease,crop_diseases,cassava,sub_humid,"Cassava mosaic causes leaf distortion, chlorotic mosaic patterns, and stunted stems spread by whiteflies. Plant virus-free cuttings from certified nurseries and rogue out infected plants early. Intercrop with non-hosts and avoid consecutive cassava on the same field without resistant varieties.",synthetic,,CC0-1.0
doc_pes_001,Fall armyworm in maize,pests,maize,semi_arid,Fall armyworm larvae feed in the whorl leaving ragged window-pane damage and frass pellets. Scout twice weekly at early vegetative stage and treat when more than ten percent of plants are infested. Rotate insecticide modes of action and conserve natural enemies along field margins.,synthetic,,CC0-1.0
doc_pes_002,Stem borer in sorghum,pests,sorghum,semi_arid,"Stem borers tunnel inside sorghum stalks causing deadheart in seedlings and broken stems at maturity. Destroy crop residues after harvest, plant early with the rains, and consider push-pull trap crops. Parasitoid wasps increase when flowering strips border the field.",synthetic,,CC0-1.0
doc_pes_003,Aphids on vegetable seedlings,pests,general,highland,"Aphids cluster on tender shoots causing leaf curl and honeydew that leads to sooty mould. Monitor nursery beds daily, use reflective mulch, and wash colonies off with soapy water at low pressure. Avoid broad-spectrum sprays that kill ladybird beetles and lacewings.",synthetic,,CC0-1.0
doc_soi_001,Soil acidity and liming,soil_health,general,highland,"Acidic ferralsols bind phosphorus and limit legume nodulation below pH 5.5. Apply agricultural lime based on soil test, incorporating before planting season. Combine liming with organic matter to improve buffer capacity and moisture retention.",synthetic,,CC0-1.0
doc_soi_002,Cover crops for soil structure,soil_health,general,sub_humid,Cover crops like mucuna or lablab reduce erosion and suppress weeds between main seasons. Terminate covers before they set hard seed and leave residues as surface mulch. Leguminous covers add nitrogen when biomass is incorporated or left as mulch.,synthetic,,CC0-1.0
doc_soi_003,Compost quality for smallholders,soil_health,general,semi_arid,"Well-made compost should be dark, crumbly, and free of undecomposed stalks or foul odour. Layer green and brown materials, keep piles moist, and turn every two weeks. Apply compost in planting basins to improve water infiltration on crusted soils.",synthetic,,CC0-1.0
doc_cli_001,Climate-smart planting dates,climate_adaptation,maize,semi_arid,Align planting with the onset of reliable rains using local rainfall calendars or forecasts. Short-season drought-tolerant maize varieties reduce risk when the rainy season shortens. Stagger planting across plots to spread exposure to mid-season dry spells.,synthetic,,CC0-1.0
doc_cli_002,Heat stress in livestock,climate_adaptation,livestock,semi_arid,"Heat stress lowers milk yield and fertility; provide shade, night grazing, and clean water ad libitum. Select breeds adapted to local temperature extremes and avoid working animals in peak afternoon heat. Sprinkle water in holding pens only where ventilation prevents humidity buildup.",synthetic,,CC0-1.0
doc_cli_003,Index-based insurance basics,climate_adaptation,general,semi_arid,Weather-index insurance pays when rainfall or vegetation indices cross predefined thresholds. Understand basis risk: payouts may not match individual field losses. Combine insurance with water harvesting and diversified crops to reduce livelihood shocks.,synthetic,,CC0-1.0
doc_wat_001,Rainwater harvesting from roofs,water_management,general,semi_arid,Roof catchment systems channel rain into screened tanks for supplemental irrigation. First-flush diverters reduce dust and bird droppings entering storage. Size tanks to expected dry-season irrigation demand and maintain mosquito-proof covers.,synthetic,,CC0-1.0
doc_wat_002,Drip irrigation for vegetables,water_management,general,sub_humid,"Drip lines deliver water at the root zone, cutting losses from evaporation and runoff. Filter water to prevent emitter clogging and flush lines weekly in sandy soils. Mulch beds to keep soil moisture stable between irrigation cycles.",synthetic,,CC0-1.0
doc_wat_003,Contour bunds on slopes,water_management,general,highland,Contour bunds slow runoff and increase infiltration on sloping fields. Stabilise bunds with grass strips and repair breaches after heavy storms. Plant deep-rooted perennials on upper contours to anchor soil.,synthetic,,CC0-1.0
doc_fer_001,Balanced NPK for maize,fertiliser,maize,sub_humid,Maize responds to nitrogen but also needs phosphorus for root development and potassium for stalk strength. Place phosphorus near the planting hole and top-dress nitrogen at knee height. Do not apply fertiliser on dry soil without imminent rain or irrigation.,synthetic,,CC0-1.0
doc_fer_002,Organic manure application rates,fertiliser,general,sub_humid,"Well-composted farmyard manure supplies slow-release nutrients and improves soil biology. Apply five to ten tonnes per hectare before planting, avoiding fresh manure on leafy vegetables. Combine manure with a modest mineral top-dress where soil tests show gaps.",synthetic,,CC0-1.0
doc_fer_003,Micronutrient boron in legumes,fertiliser,beans,highland,Boron deficiency causes hollow stems and poor pod set in beans on sandy acidic soils. Use foliar boron only at recommended rates because excess is toxic. Correct underlying acidity and organic matter deficits before relying on foliar sprays alone.,synthetic,,CC0-1.0
doc_liv_001,Newcastle disease in village chickens,livestock,livestock,sub_humid,"Newcastle disease causes respiratory distress, greenish diarrhoea, and sudden flock mortality. Vaccinate chicks on schedule using eye-drop or drinking-water protocols from extension services. Isolate sick birds and disinfect feeders between batches.",synthetic,,CC0-1.0
doc_liv_002,Dry-season fodder conservation,livestock,livestock,semi_arid,Harvest surplus forage at boot stage and sun-dry on raised racks to make hay. Store under cover to prevent mould and nutrient loss. Supplement with mineral blocks when grazing quality falls below maintenance needs.,synthetic,,CC0-1.0
doc_liv_003,Tsetse-free corralling practices,livestock,livestock,sub_humid,Night corralling in smoke-treated pens reduces tsetse exposure for cattle in fly belts. Clear bush within fifty metres of kraals and rotate grazing away from riverine vegetation at peak fly hours. Combine community spraying with trypanosomiasis screening where veterinary services are available.,synthetic,,CC0-1.0
doc_pos_001,Hermetic storage for maize grain,post_harvest,maize,semi_arid,Hermetic bags or silos exclude oxygen and stop maize weevils without chemical dust. Dry grain to twelve to thirteen percent moisture before sealing. Inspect bags monthly for punctures and reseal promptly.,synthetic,,CC0-1.0
doc_pos_002,Aflatoxin prevention in groundnuts,post_harvest,groundnuts,semi_arid,Aflatoxin risk rises when groundnuts are left damp after harvest or stored on bare soil. Dry pods quickly on raised mats and sort out mouldy kernels before bagging. Keep storage rooms ventilated and elevated off the ground.,synthetic,,CC0-1.0
doc_pos_003,Cassava chip drying standards,post_harvest,cassava,sub_humid,Cassava chips should be dried to below fourteen percent moisture to prevent spoilage and cyanide concerns. Slice uniformly and sun-dry on black plastic or raised racks with regular turning. Store dry chips in woven bags off the floor in a rodent-proof room.,synthetic,,CC0-1.0
